{
	"liaisons" : {
		"L2": [-0.63078, 0.4313, true, true, false],
		"L3": [-0.58043, 0.46807, false, true, true],
		"L4": [-0.46877, 0.46271, true, true, true],
		"L5": [-0.077, 0.41232, true, true, false],
		"L6": [-0.19633, 0.01506, true, true, true]
	},
	"parts" : {
		"GND": ["L5", "L6"],
		"P2": ["L3", "L2"],
		"P3": ["L3", "L4"],
		"P4": ["L4", "L5"],
		"P5": ["L2", "L6"]
	},
	"forces" : {
		"P2" : [
			[-1.2, 0.46807, -200, 0, 0]
		]
	}
}